[
 {
  "path": "/packages/iot/pahomqtt", 
  "ver": "v1.0.0", 
  "name": "PAHOMQTT"
 }, 
 {
  "path": "/packages/iot/webclient", 
  "ver": "v2.0.1", 
  "name": "WEBCLIENT"
 }, 
 {
  "path": "/packages/iot/cJSON", 
  "ver": "v1.0.2", 
  "name": "CJSON"
 }, 
 {
  "path": "/packages/iot/iot_cloud/onenet", 
  "ver": "v1.0.0", 
  "name": "ONENET"
 }, 
 {
  "path": "/packages/tools/EasyFlash", 
  "ver": "v3.3.0", 
  "name": "EASYFLASH"
 }, 
 {
  "path": "/packages/system/fal", 
  "ver": "v0.3.0", 
  "name": "FAL"
 }
]